Workbook

Sheet Resumen
B6: Burndown y Burnup chart
B7: SIGMA — Sistema Integrado de Gestión de Mantenimiento Industrial
B8: Seguimiento del trabajo pendiente frente al tiempo · Equipo Código Creativo
B10: Ficha del artefacto
B11: Artefacto | C11: Burndown / Burnup chart · seguimiento del Sprint
B12: Unidad de medida | C12: Puntos de historia. Una historia aporta sus puntos sólo cuando está Terminada según la Definition of Done
B13: Frecuencia | C13: Diaria, al cierre del Daily Scrum
B14: Responsable del registro | C14: Scrum Master · Emilio Fuentes
B15: Cobertura | C15: Sprints 1 a 6 · del 02-09-2026 al 24-11-2026
B16: Alcance total | C16: 785 puntos · 138 historias · 20 épicas
B17: Versión | C17: 1.2 · 17-10-2026 · Sprints 1 a 5 con registro diario
B19: Estado general
B20: Puntos del proyecto | C20: Puntos completados | D20: Puntos pendientes | E20: Avance del proyecto | F20: Sprints con registro | G20: Velocidad media por Sprint
B21: =Release!$E$12 | C21: =SUM(Release!$F$6:$F$11) | D21: =$B$21-$C$21 | E21: =IFERROR($C$21/$B$21,0) | F21: =COUNTIF(Release!$F$6:$F$11,">0") | G21: =IFERROR($C$21/MAX(1,$F$21),0)
B23: Avance por Sprint
B24: Sprint | C24: Foco | D24: Días | E24: Comprometido | F24: Completado | G24: Avance | H24: Velocidad diaria
B25: Sprint 1 | C25: Fundaciones | D25: 10 | E25: 81 | F25: ='Sprint 1'!$E$17 | G25: =IFERROR($F25/$E25,0) | H25: =IFERROR($F25/$D25,0)
B26: Sprint 2 | C26: Activos | D26: 9 | E26: 83 | F26: ='Sprint 2'!$E$16 | G26: =IFERROR($F26/$E26,0) | H26: =IFERROR($F26/$D26,0)
B27: Sprint 3 | C27: Recursos y recurrencia | D27: 9 | E27: 139 | F27: ='Sprint 3'!$E$16 | G27: =IFERROR($F27/$E27,0) | H27: =IFERROR($F27/$D27,0)
B28: Sprint 4 | C28: Trabajo planificado | D28: 10 | E28: 109 | F28: ='Sprint 4'!$E$17 | G28: =IFERROR($F28/$E28,0) | H28: =IFERROR($F28/$D28,0)
B29: Sprint 5 | C29: Ejecución | D29: 10 | E29: 72 | F29: ='Sprint 5'!$E$17 | G29: =IFERROR($F29/$E29,0) | H29: =IFERROR($F29/$D29,0)
B30: Sprint 6 | C30: App móvil, inteligencia y cierre | D30: 10 | E30: 301 | F30: ='Sprint 6'!$E$17 | G30: =IFERROR($F30/$E30,0) | H30: =IFERROR($F30/$D30,0)
B31: Total | D31: =SUM(D25:D30) | E31: =SUM(E25:E30) | F31: =SUM(F25:F30) | G31: =IFERROR(F31/E31,0) | H31: =IFERROR(F31/D31,0)
B33: Cómo se lee cada gráfico
B34: Gráfico | C34: Qué muestra | D34: Cómo se interpreta
B35: Burndown del Sprint | C35: Puntos pendientes día a día, contra la línea ideal que baja en forma pareja hasta cero. | D35: La línea real por encima de la ideal significa que el Sprint va atrasado; por debajo, adelantado. Una línea plana durante varios días indica que hay historias en curso pero ninguna terminada: suele ser señal de trabajo en paralelo o de historias demasiado grandes.
B36: Burnup del Sprint | C36: Trabajo completado acumulado contra la línea de alcance del Sprint. | D36: Separa dos cosas que el burndown mezcla: cuánto se avanzó y cuánto cambió el alcance. Si la línea de alcance sube, entró trabajo al Sprint en curso, lo que el marco no permite salvo acuerdo explícito con la Product Owner.
B37: Release burndown | C37: Puntos pendientes del proyecto completo al cierre de cada Sprint. | D37: La distancia entre la línea real y la ideal es la deuda acumulada. Si crece Sprint a Sprint, el alcance comprometido para el 1 de diciembre está en riesgo y hay que repriorizar el backlog.
B38: Release burnup | C38: Puntos completados acumulados del proyecto contra los 785 puntos del alcance total. | D38: Permite proyectar la fecha de término: si la pendiente de la línea de completado se mantiene, el punto donde alcanzaría la línea de alcance es la fecha realista de cierre.
B40: Las celdas amarillas con texto azul son las únicas que se editan: en cada hoja de Sprint, la columna «Puntos terminados en el día» y, si el equipo lo ajusta en el Sprint Planning, los puntos comprometidos y los días hábiles. Todo lo demás —acumulados, pendientes, línea ideal, indicadores y los cuatro gráficos— se calcula solo. Los gráficos se actualizan al escribir; no hay que rehacerlos.

Sheet Sprint 1
A1: Sprint 1 · Burndown y Burnup
A2: Fundaciones · del 02-09-2026 al 15-09-2026 · 17 historias · 81 puntos comprometidos · 10 días hábiles
A4: Puntos comprometidos | C4: 81 | D4: Días hábiles del Sprint | F4: 10
A6: Día | B6: Fecha | C6: Día de la semana | D6: Puntos terminados en el día | E6: Completado acumulado | F6: Pendiente real | G6: Pendiente ideal | H6: Desviación | K6: Alcance del Sprint
A7: 0 | C7: Inicio del Sprint | D7: 0 | E7: =$D7 | F7: =$C$4-$E7 | G7: =ROUND($C$4*(1-0/$F$4),1) | H7: =$F7-$G7 | K7: =$C$4
A8: 1 | B8: 46267 | C8: miércoles | D8: 5 | E8: =$E7+$D8 | F8: =$C$4-$E8 | G8: =ROUND($C$4*(1-1/$F$4),1) | H8: =$F8-$G8 | K8: =$C$4
A9: 2 | B9: 46268 | C9: jueves | D9: 8 | E9: =$E8+$D9 | F9: =$C$4-$E9 | G9: =ROUND($C$4*(1-2/$F$4),1) | H9: =$F9-$G9 | K9: =$C$4
A10: 3 | B10: 46269 | C10: viernes | D10: 8 | E10: =$E9+$D10 | F10: =$C$4-$E10 | G10: =ROUND($C$4*(1-3/$F$4),1) | H10: =$F10-$G10 | K10: =$C$4
A11: 4 | B11: 46272 | C11: lunes | D11: 8 | E11: =$E10+$D11 | F11: =$C$4-$E11 | G11: =ROUND($C$4*(1-4/$F$4),1) | H11: =$F11-$G11 | K11: =$C$4
A12: 5 | B12: 46273 | C12: martes | D12: 8 | E12: =$E11+$D12 | F12: =$C$4-$E12 | G12: =ROUND($C$4*(1-5/$F$4),1) | H12: =$F12-$G12 | K12: =$C$4
A13: 6 | B13: 46274 | C13: miércoles | D13: 10 | E13: =$E12+$D13 | F13: =$C$4-$E13 | G13: =ROUND($C$4*(1-6/$F$4),1) | H13: =$F13-$G13 | K13: =$C$4
A14: 7 | B14: 46275 | C14: jueves | D14: 15 | E14: =$E13+$D14 | F14: =$C$4-$E14 | G14: =ROUND($C$4*(1-7/$F$4),1) | H14: =$F14-$G14 | K14: =$C$4
A15: 8 | B15: 46276 | C15: viernes | D15: 5 | E15: =$E14+$D15 | F15: =$C$4-$E15 | G15: =ROUND($C$4*(1-8/$F$4),1) | H15: =$F15-$G15 | K15: =$C$4
A16: 9 | B16: 46279 | C16: lunes | D16: 14 | E16: =$E15+$D16 | F16: =$C$4-$E16 | G16: =ROUND($C$4*(1-9/$F$4),1) | H16: =$F16-$G16 | K16: =$C$4
A17: 10 | B17: 46280 | C17: martes | D17: 0 | E17: =$E16+$D17 | F17: =$C$4-$E17 | G17: =ROUND($C$4*(1-10/$F$4),1) | H17: =$F17-$G17 | K17: =$C$4
C18: Total | D18: =SUM(D8:D17)
A20: Indicadores del Sprint
A21: Puntos completados | C21: =$E$17
A22: Puntos pendientes | C22: =$F$17
A23: Avance | C23: =IFERROR($E$17/$C$4,0)
A24: Velocidad diaria media | C24: =IFERROR($E$17/COUNT($D$8:$D$17),0)
A25: Días con registro | C25: =COUNT($D$8:$D$17)
A27: Sólo se completa la columna amarilla «Puntos terminados en el día»: los puntos de las historias que ese día quedaron Terminadas según la Definition of Done. Una historia a medias aporta cero. Todo lo demás, incluidos los dos gráficos, se calcula solo.
A31: Estado al 22-09-2026
A32: Sprint cerrado: las 17 historias comprometidas (81 puntos) están Terminada y sus 45 criterios de plataforma web verificados con evidencia (SIGMA_Informe_Pruebas_Sprint_1.docx, 49 casos). El único criterio de la aplicación móvil —HU-003 #3, el trabajo pendiente sin sincronizar— quedó reprogramado al Sprint 6 en la Sprint Review 1 y no resta puntos aquí. Lectura de la curva: el trabajo real fue por encima de la línea ideal —con retraso— hasta el día 6, cruzó por debajo el día 7 y llegó a cero el día 9; el día 10 se dedicó a la Sprint Review, donde la Product Owner aceptó las 16 historias que faltaban por aceptar. La columna amarilla se reconstruyó desde la Bitácora de Daily Scrum: cada historia quema sus puntos el último día en que el registro diario la nombra como trabajada, sin contar el día de la Sprint Review (ese día el equipo repasa todas para aceptarlas). Los puntos son los del Sprint Backlog y solo cuentan las historias Terminada.

Sheet Sprint 2
A1: Sprint 2 · Burndown y Burnup
A2: Activos · del 16-09-2026 al 29-09-2026 · 22 historias · 83 puntos comprometidos · 9 días hábiles
A4: Puntos comprometidos | C4: 83 | D4: Días hábiles del Sprint | F4: 9
A6: Día | B6: Fecha | C6: Día de la semana | D6: Puntos terminados en el día | E6: Completado acumulado | F6: Pendiente real | G6: Pendiente ideal | H6: Desviación | K6: Alcance del Sprint
A7: 0 | C7: Inicio del Sprint | D7: 0 | E7: =$D7 | F7: =$C$4-$E7 | G7: =ROUND($C$4*(1-0/$F$4),1) | H7: =$F7-$G7 | K7: =$C$4
A8: 1 | B8: 46281 | C8: miércoles | D8: 0 | E8: =$E7+$D8 | F8: =$C$4-$E8 | G8: =ROUND($C$4*(1-1/$F$4),1) | H8: =$F8-$G8 | K8: =$C$4
A9: 2 | B9: 46282 | C9: jueves | D9: 13 | E9: =$E8+$D9 | F9: =$C$4-$E9 | G9: =ROUND($C$4*(1-2/$F$4),1) | H9: =$F9-$G9 | K9: =$C$4
A10: 3 | B10: 46286 | C10: lunes | D10: 8 | E10: =$E9+$D10 | F10: =$C$4-$E10 | G10: =ROUND($C$4*(1-3/$F$4),1) | H10: =$F10-$G10 | K10: =$C$4
A11: 4 | B11: 46287 | C11: martes | D11: 8 | E11: =$E10+$D11 | F11: =$C$4-$E11 | G11: =ROUND($C$4*(1-4/$F$4),1) | H11: =$F11-$G11 | K11: =$C$4
A12: 5 | B12: 46288 | C12: miércoles | D12: 10 | E12: =$E11+$D12 | F12: =$C$4-$E12 | G12: =ROUND($C$4*(1-5/$F$4),1) | H12: =$F12-$G12 | K12: =$C$4
A13: 6 | B13: 46289 | C13: jueves | D13: 13 | E13: =$E12+$D13 | F13: =$C$4-$E13 | G13: =ROUND($C$4*(1-6/$F$4),1) | H13: =$F13-$G13 | K13: =$C$4
A14: 7 | B14: 46290 | C14: viernes | D14: 8 | E14: =$E13+$D14 | F14: =$C$4-$E14 | G14: =ROUND($C$4*(1-7/$F$4),1) | H14: =$F14-$G14 | K14: =$C$4
A15: 8 | B15: 46293 | C15: lunes | D15: 13 | E15: =$E14+$D15 | F15: =$C$4-$E15 | G15: =ROUND($C$4*(1-8/$F$4),1) | H15: =$F15-$G15 | K15: =$C$4
A16: 9 | B16: 46294 | C16: martes | D16: 10 | E16: =$E15+$D16 | F16: =$C$4-$E16 | G16: =ROUND($C$4*(1-9/$F$4),1) | H16: =$F16-$G16 | K16: =$C$4
C17: Total | D17: =SUM(D8:D16)
A19: Indicadores del Sprint
A20: Puntos completados | C20: =$E$16
A21: Puntos pendientes | C21: =$F$16
A22: Avance | C22: =IFERROR($E$16/$C$4,0)
A23: Velocidad diaria media | C23: =IFERROR($E$16/COUNT($D$8:$D$16),0)
A24: Días con registro | C24: =COUNT($D$8:$D$16)
A26: Sólo se completa la columna amarilla «Puntos terminados en el día»: los puntos de las historias que ese día quedaron Terminadas según la Definition of Done. Una historia a medias aporta cero. Todo lo demás, incluidos los dos gráficos, se calcula solo.
A28: Estado al 22-09-2026
A29: Sprint cerrado en su alcance web: 18 historias y 83 puntos Terminada, 42 criterios verificados (SIGMA_Informe_Pruebas_Sprint_2.docx, 53 casos). Las cuatro historias de aplicación móvil —HU-150, HU-043, HU-154 y HU-044, 26 puntos— se movieron al Sprint 6 en la Sprint Review 1 y por eso el compromiso de este Sprint quedó en 83 y no en los 109 planificados. Lectura de la curva: el trabajo real fue por encima de la ideal todo el Sprint —el máximo retraso fue de 8 puntos el día 4— y recién cerró en cero el último día. La columna amarilla se reconstruyó desde la Bitácora de Daily Scrum: cada historia quema sus puntos el último día en que el registro diario la nombra como trabajada, sin contar el día de la Sprint Review (ese día el equipo repasa todas para aceptarlas). Los puntos son los del Sprint Backlog y solo cuentan las historias Terminada.

Sheet Sprint 3
A1: Sprint 3 · Burndown y Burnup
A2: Recursos y recurrencia · del 30-09-2026 al 13-10-2026 · 23 historias · 139 puntos comprometidos · 9 días hábiles · Alcance ampliado en 34 pts no planificados (HU-059, HU-066, HU-067, HU-068, HU-069, HU-077)
A4: Puntos comprometidos | C4: 139 | D4: Días hábiles del Sprint | F4: 9
A6: Día | B6: Fecha | C6: Día de la semana | D6: Puntos terminados en el día | E6: Completado acumulado | F6: Pendiente real | G6: Pendiente ideal | H6: Desviación | K6: Alcance del Sprint
A7: 0 | C7: Inicio del Sprint | D7: 0 | E7: =$D7 | F7: =$C$4-$E7 | G7: =ROUND($C$4*(1-0/$F$4),1) | H7: =$F7-$G7 | K7: =$C$4
A8: 1 | B8: 46295 | C8: miércoles | D8: 0 | E8: =$E7+$D8 | F8: =$C$4-$E8 | G8: =ROUND($C$4*(1-1/$F$4),1) | H8: =$F8-$G8 | K8: =$C$4
A9: 2 | B9: 46296 | C9: jueves | D9: 13 | E9: =$E8+$D9 | F9: =$C$4-$E9 | G9: =ROUND($C$4*(1-2/$F$4),1) | H9: =$F9-$G9 | K9: =$C$4
A10: 3 | B10: 46297 | C10: viernes | D10: 13 | E10: =$E9+$D10 | F10: =$C$4-$E10 | G10: =ROUND($C$4*(1-3/$F$4),1) | H10: =$F10-$G10 | K10: =$C$4
A11: 4 | B11: 46300 | C11: lunes | D11: 11 | E11: =$E10+$D11 | F11: =$C$4-$E11 | G11: =ROUND($C$4*(1-4/$F$4),1) | H11: =$F11-$G11 | K11: =$C$4
A12: 5 | B12: 46301 | C12: martes | D12: 18 | E12: =$E11+$D12 | F12: =$C$4-$E12 | G12: =ROUND($C$4*(1-5/$F$4),1) | H12: =$F12-$G12 | K12: =$C$4
A13: 6 | B13: 46302 | C13: miércoles | D13: 13 | E13: =$E12+$D13 | F13: =$C$4-$E13 | G13: =ROUND($C$4*(1-6/$F$4),1) | H13: =$F13-$G13 | K13: =$C$4
A14: 7 | B14: 46303 | C14: jueves | D14: 21 | E14: =$E13+$D14 | F14: =$C$4-$E14 | G14: =ROUND($C$4*(1-7/$F$4),1) | H14: =$F14-$G14 | K14: =$C$4
A15: 8 | B15: 46304 | C15: viernes | D15: 34 | E15: =$E14+$D15 | F15: =$C$4-$E15 | G15: =ROUND($C$4*(1-8/$F$4),1) | H15: =$F15-$G15 | K15: =$C$4
A16: 9 | B16: 46308 | C16: martes | D16: 16 | E16: =$E15+$D16 | F16: =$C$4-$E16 | G16: =ROUND($C$4*(1-9/$F$4),1) | H16: =$F16-$G16 | K16: =$C$4
C17: Total | D17: =SUM(D8:D16)
A19: Indicadores del Sprint
A20: Puntos completados | C20: =$E$16
A21: Puntos pendientes | C21: =$F$16
A22: Avance | C22: =IFERROR($E$16/$C$4,0)
A23: Velocidad diaria media | C23: =IFERROR($E$16/COUNT($D$8:$D$16),0)
A24: Días con registro | C24: =COUNT($D$8:$D$16)
A26: Sólo se completa la columna amarilla «Puntos terminados en el día»: los puntos de las historias que ese día quedaron Terminadas según la Definition of Done. Una historia a medias aporta cero. Todo lo demás, incluidos los dos gráficos, se calcula solo.
A28: Estado al 22-09-2026
A29: Sprint cerrado en su alcance web: 28 historias y 139 puntos Terminada, 73 criterios verificados (SIGMA_Informe_Pruebas_Sprint_3.docx, 87 casos). HU-151 «Trabajar sin conexión» (13 puntos) se movió al Sprint 6. Las seis historias que entraron tarde al Sprint —HU-059, 066, 067, 068, 069 y 077— recibieron sus criterios de aceptación el 22-09-2026 y se probaron completas. Lectura de la curva: es el Sprint más cargado (139 puntos frente a los 81 y 83 anteriores) y se nota; el retraso llegó a 25 puntos el día 4 y se recuperó en los dos últimos días, con 50 puntos cerrados entre el día 8 y el 9. Cerró completo, pero sin holgura. La columna amarilla se reconstruyó desde la Bitácora de Daily Scrum: cada historia quema sus puntos el último día en que el registro diario la nombra como trabajada, sin contar el día de la Sprint Review (ese día el equipo repasa todas para aceptarlas). Los puntos son los del Sprint Backlog y solo cuentan las historias Terminada.

Sheet Sprint 4
A1: Sprint 4 · Burndown y Burnup
A2: Trabajo planificado · del 14-10-2026 al 27-10-2026 · 24 historias · 109 puntos comprometidos · 10 días hábiles
A4: Puntos comprometidos | C4: 109 | D4: Días hábiles del Sprint | F4: 10
A6: Día | B6: Fecha | C6: Día de la semana | D6: Puntos terminados en el día | E6: Completado acumulado | F6: Pendiente real | G6: Pendiente ideal | H6: Desviación | K6: Alcance del Sprint
A7: 0 | C7: Inicio del Sprint | D7: 0 | E7: =$D7 | F7: =$C$4-$E7 | G7: =ROUND($C$4*(1-0/$F$4),1) | H7: =$F7-$G7 | K7: =$C$4
A8: 1 | B8: 46309 | C8: miércoles | D8: 23 | E8: =$E7+$D8 | F8: =$C$4-$E8 | G8: =ROUND($C$4*(1-1/$F$4),1) | H8: =$F8-$G8 | K8: =$C$4
A9: 2 | B9: 46310 | C9: jueves | D9: 5 | E9: =$E8+$D9 | F9: =$C$4-$E9 | G9: =ROUND($C$4*(1-2/$F$4),1) | H9: =$F9-$G9 | K9: =$C$4
A10: 3 | B10: 46311 | C10: viernes | D10: 0 | E10: =$E9+$D10 | F10: =$C$4-$E10 | G10: =ROUND($C$4*(1-3/$F$4),1) | H10: =$F10-$G10 | K10: =$C$4
A11: 4 | B11: 46314 | C11: lunes | D11: 13 | E11: =$E10+$D11 | F11: =$C$4-$E11 | G11: =ROUND($C$4*(1-4/$F$4),1) | H11: =$F11-$G11 | K11: =$C$4
A12: 5 | B12: 46315 | C12: martes | D12: 0 | E12: =$E11+$D12 | F12: =$C$4-$E12 | G12: =ROUND($C$4*(1-5/$F$4),1) | H12: =$F12-$G12 | K12: =$C$4
A13: 6 | B13: 46316 | C13: miércoles | D13: 16 | E13: =$E12+$D13 | F13: =$C$4-$E13 | G13: =ROUND($C$4*(1-6/$F$4),1) | H13: =$F13-$G13 | K13: =$C$4
A14: 7 | B14: 46317 | C14: jueves | D14: 5 | E14: =$E13+$D14 | F14: =$C$4-$E14 | G14: =ROUND($C$4*(1-7/$F$4),1) | H14: =$F14-$G14 | K14: =$C$4
A15: 8 | B15: 46318 | C15: viernes | D15: 15 | E15: =$E14+$D15 | F15: =$C$4-$E15 | G15: =ROUND($C$4*(1-8/$F$4),1) | H15: =$F15-$G15 | K15: =$C$4
A16: 9 | B16: 46321 | C16: lunes | D16: 32 | E16: =$E15+$D16 | F16: =$C$4-$E16 | G16: =ROUND($C$4*(1-9/$F$4),1) | H16: =$F16-$G16 | K16: =$C$4
A17: 10 | B17: 46322 | C17: martes | D17: 0 | E17: =$E16+$D17 | F17: =$C$4-$E17 | G17: =ROUND($C$4*(1-10/$F$4),1) | H17: =$F17-$G17 | K17: =$C$4
C18: Total | D18: =SUM(D8:D17)
A20: Indicadores del Sprint
A21: Puntos completados | C21: =$E$17
A22: Puntos pendientes | C22: =$F$17
A23: Avance | C23: =IFERROR($E$17/$C$4,0)
A24: Velocidad diaria media | C24: =IFERROR($E$17/COUNT($D$8:$D$17),0)
A25: Días con registro | C25: =COUNT($D$8:$D$17)
A27: Sólo se completa la columna amarilla «Puntos terminados en el día»: los puntos de las historias que ese día quedaron Terminadas según la Definition of Done. Una historia a medias aporta cero. Todo lo demás, incluidos los dos gráficos, se calcula solo.
A29: Estado al 17-10-2026
A30: Sprint cerrado en su alcance web: 19 historias y 109 puntos Terminada de los 148 comprometidos (SIGMA_Informe_Pruebas_Sprint_4.docx, 78 casos). Las cinco historias de aplicación móvil —HU-095, 103, 140, 141 y 160— se movieron al Sprint 6, por eso no queman aquí. Las historias nacieron con el trabajo repartido por módulo (planes, pauta y tareas) y se cerraron con sus pruebas el 01-10-2026. La columna amarilla se reconstruyó desde la Bitácora de Daily Scrum: cada historia quema sus puntos el último día en que el registro diario la nombra como trabajada, sin contar el día de la Sprint Review (ese día el equipo repasa todas para aceptarlas). Los puntos son los del Sprint Backlog y solo cuentan las historias Terminada.

Sheet Sprint 5
A1: Sprint 5 · Burndown y Burnup
A2: Ejecución · del 28-10-2026 al 10-11-2026 · 26 historias · 72 puntos comprometidos · 10 días hábiles
A4: Puntos comprometidos | C4: 72 | D4: Días hábiles del Sprint | F4: 10
A6: Día | B6: Fecha | C6: Día de la semana | D6: Puntos terminados en el día | E6: Completado acumulado | F6: Pendiente real | G6: Pendiente ideal | H6: Desviación | K6: Alcance del Sprint
A7: 0 | C7: Inicio del Sprint | D7: 0 | E7: =$D7 | F7: =$C$4-$E7 | G7: =ROUND($C$4*(1-0/$F$4),1) | H7: =$F7-$G7 | K7: =$C$4
A8: 1 | B8: 46323 | C8: miércoles | D8: 5 | E8: =$E7+$D8 | F8: =$C$4-$E8 | G8: =ROUND($C$4*(1-1/$F$4),1) | H8: =$F8-$G8 | K8: =$C$4
A9: 2 | B9: 46324 | C9: jueves | D9: 5 | E9: =$E8+$D9 | F9: =$C$4-$E9 | G9: =ROUND($C$4*(1-2/$F$4),1) | H9: =$F9-$G9 | K9: =$C$4
A10: 3 | B10: 46325 | C10: viernes | D10: 0 | E10: =$E9+$D10 | F10: =$C$4-$E10 | G10: =ROUND($C$4*(1-3/$F$4),1) | H10: =$F10-$G10 | K10: =$C$4
A11: 4 | B11: 46328 | C11: lunes | D11: 8 | E11: =$E10+$D11 | F11: =$C$4-$E11 | G11: =ROUND($C$4*(1-4/$F$4),1) | H11: =$F11-$G11 | K11: =$C$4
A12: 5 | B12: 46329 | C12: martes | D12: 5 | E12: =$E11+$D12 | F12: =$C$4-$E12 | G12: =ROUND($C$4*(1-5/$F$4),1) | H12: =$F12-$G12 | K12: =$C$4
A13: 6 | B13: 46330 | C13: miércoles | D13: 5 | E13: =$E12+$D13 | F13: =$C$4-$E13 | G13: =ROUND($C$4*(1-6/$F$4),1) | H13: =$F13-$G13 | K13: =$C$4
A14: 7 | B14: 46331 | C14: jueves | D14: 3 | E14: =$E13+$D14 | F14: =$C$4-$E14 | G14: =ROUND($C$4*(1-7/$F$4),1) | H14: =$F14-$G14 | K14: =$C$4
A15: 8 | B15: 46332 | C15: viernes | D15: 11 | E15: =$E14+$D15 | F15: =$C$4-$E15 | G15: =ROUND($C$4*(1-8/$F$4),1) | H15: =$F15-$G15 | K15: =$C$4
A16: 9 | B16: 46335 | C16: lunes | D16: 10 | E16: =$E15+$D16 | F16: =$C$4-$E16 | G16: =ROUND($C$4*(1-9/$F$4),1) | H16: =$F16-$G16 | K16: =$C$4
A17: 10 | B17: 46336 | C17: martes | D17: 98 | E17: =$E16+$D17 | F17: =$C$4-$E17 | G17: =ROUND($C$4*(1-10/$F$4),1) | H17: =$F17-$G17 | K17: =$C$4
C18: Total | D18: =SUM(D8:D17)
A20: Indicadores del Sprint
A21: Puntos completados | C21: =$E$17
A22: Puntos pendientes | C22: =$F$17
A23: Avance | C23: =IFERROR($E$17/$C$4,0)
A24: Velocidad diaria media | C24: =IFERROR($E$17/COUNT($D$8:$D$17),0)
A25: Días con registro | C25: =COUNT($D$8:$D$17)
A27: Sólo se completa la columna amarilla «Puntos terminados en el día»: los puntos de las historias que ese día quedaron Terminadas según la Definition of Done. Una historia a medias aporta cero. Todo lo demás, incluidos los dos gráficos, se calcula solo.
A29: Estado al 17-10-2026
A30: Sprint cerrado en su alcance web: 26 historias y 150 puntos Terminada, 93 criterios verificados (SIGMA_Informe_Pruebas_Sprint_5.docx). Incluye las 12 historias que se incorporaron al Product Backlog durante el sprint (EP-21, SIGMA Twin y el inicio). Las 12 historias de la parte móvil —órdenes en terreno, sincronización, bitácora y voz— se movieron al Sprint 6. La columna amarilla se reconstruyó desde la Bitácora de Daily Scrum: cada historia quema sus puntos el último día en que el registro diario la nombra como trabajada, sin contar el día de la Sprint Review (ese día el equipo repasa todas para aceptarlas). Los puntos son los del Sprint Backlog y solo cuentan las historias Terminada.

Sheet Sprint 6
A1: Sprint 6 · Burndown y Burnup
A2: Inteligencia y cierre · del 11-11-2026 al 24-11-2026 · 20 historias · 301 puntos comprometidos · 10 días hábiles
A4: Puntos comprometidos | C4: 301 | D4: Días hábiles del Sprint | F4: 10
A6: Día | B6: Fecha | C6: Día de la semana | D6: Puntos terminados en el día | E6: Completado acumulado | F6: Pendiente real | G6: Pendiente ideal | H6: Desviación | K6: Alcance del Sprint
A7: 0 | C7: Inicio del Sprint | D7: 0 | E7: =$D7 | F7: =$C$4-$E7 | G7: =ROUND($C$4*(1-0/$F$4),1) | H7: =$F7-$G7 | K7: =$C$4
A8: 1 | B8: 46337 | C8: miércoles | E8: =$E7+$D8 | F8: =$C$4-$E8 | G8: =ROUND($C$4*(1-1/$F$4),1) | H8: =$F8-$G8 | K8: =$C$4
A9: 2 | B9: 46338 | C9: jueves | E9: =$E8+$D9 | F9: =$C$4-$E9 | G9: =ROUND($C$4*(1-2/$F$4),1) | H9: =$F9-$G9 | K9: =$C$4
A10: 3 | B10: 46339 | C10: viernes | E10: =$E9+$D10 | F10: =$C$4-$E10 | G10: =ROUND($C$4*(1-3/$F$4),1) | H10: =$F10-$G10 | K10: =$C$4
A11: 4 | B11: 46342 | C11: lunes | E11: =$E10+$D11 | F11: =$C$4-$E11 | G11: =ROUND($C$4*(1-4/$F$4),1) | H11: =$F11-$G11 | K11: =$C$4
A12: 5 | B12: 46343 | C12: martes | E12: =$E11+$D12 | F12: =$C$4-$E12 | G12: =ROUND($C$4*(1-5/$F$4),1) | H12: =$F12-$G12 | K12: =$C$4
A13: 6 | B13: 46344 | C13: miércoles | E13: =$E12+$D13 | F13: =$C$4-$E13 | G13: =ROUND($C$4*(1-6/$F$4),1) | H13: =$F13-$G13 | K13: =$C$4
A14: 7 | B14: 46345 | C14: jueves | E14: =$E13+$D14 | F14: =$C$4-$E14 | G14: =ROUND($C$4*(1-7/$F$4),1) | H14: =$F14-$G14 | K14: =$C$4
A15: 8 | B15: 46346 | C15: viernes | E15: =$E14+$D15 | F15: =$C$4-$E15 | G15: =ROUND($C$4*(1-8/$F$4),1) | H15: =$F15-$G15 | K15: =$C$4
A16: 9 | B16: 46349 | C16: lunes | E16: =$E15+$D16 | F16: =$C$4-$E16 | G16: =ROUND($C$4*(1-9/$F$4),1) | H16: =$F16-$G16 | K16: =$C$4
A17: 10 | B17: 46350 | C17: martes | E17: =$E16+$D17 | F17: =$C$4-$E17 | G17: =ROUND($C$4*(1-10/$F$4),1) | H17: =$F17-$G17 | K17: =$C$4
C18: Total | D18: =SUM(D8:D17)
A20: Indicadores del Sprint
A21: Puntos completados | C21: =$E$17
A22: Puntos pendientes | C22: =$F$17
A23: Avance | C23: =IFERROR($E$17/$C$4,0)
A24: Velocidad diaria media | C24: =IFERROR($E$17/COUNT($D$8:$D$17),0)
A25: Días con registro | C25: =COUNT($D$8:$D$17)
A27: Sólo se completa la columna amarilla «Puntos terminados en el día»: los puntos de las historias que ese día quedaron Terminadas según la Definition of Done. Una historia a medias aporta cero. Todo lo demás, incluidos los dos gráficos, se calcula solo.

Sheet Release
A1: Release Burndown y Burnup del proyecto
A2: Avance de los 751 puntos del Product Backlog a lo largo de los seis Sprints · del 02-09-2026 al 24-11-2026
A4: Sprint | B4: Foco | C4: Desde | D4: Hasta | E4: Puntos comprometidos | F4: Puntos completados | G4: Pendiente real | H4: Pendiente ideal | K4: Alcance del proyecto | L4: Completado acumulado
A5: Inicio | B5: Antes del Sprint 1 | E5: 0 | F5: 0 | G5: =785 | H5: 785 | K5: =$E$12 | L5: =$F$5
A6: Sprint 1 | B6: Fundaciones | C6: 46267 | D6: 46280 | E6: 81 | F6: ='Sprint 1'!$E$17 | G6: =$H$5-SUM($F$5:$F6) | H6: 704 | K6: =$E$12 | L6: =$L5+$F6
A7: Sprint 2 | B7: Activos | C7: 46281 | D7: 46294 | E7: 83 | F7: ='Sprint 2'!$E$16 | G7: =$H$5-SUM($F$5:$F7) | H7: 621 | K7: =$E$12 | L7: =$L6+$F7
A8: Sprint 3 | B8: Recursos y recurrencia | C8: 46295 | D8: 46308 | E8: 139 | F8: ='Sprint 3'!$E$16 | G8: =$H$5-SUM($F$5:$F8) | H8: 482 | K8: =$E$12 | L8: =$L7+$F8
A9: Sprint 4 | B9: Trabajo planificado | C9: 46309 | D9: 46322 | E9: 109 | F9: ='Sprint 4'!$E$17 | G9: =$H$5-SUM($F$5:$F9) | H9: 373 | K9: =$E$12 | L9: =$L8+$F9
A10: Sprint 5 | B10: Ejecución | C10: 46323 | D10: 46336 | E10: 72 | F10: ='Sprint 5'!$E$17 | G10: =$H$5-SUM($F$5:$F10) | H10: 301 | K10: =$E$12 | L10: =$L9+$F10
A11: Sprint 6 | B11: App móvil, inteligencia y cierre | C11: 46337 | D11: 46350 | E11: 301 | F11: ='Sprint 6'!$E$17 | G11: =$H$5-SUM($F$5:$F11) | H11: 0 | K11: =$E$12 | L11: =$L10+$F11
A12: Total | E12: =SUM(E6:E11) | F12: =SUM(F6:F11)
A14: Esta hoja no se edita: los puntos completados de cada Sprint se leen de la hoja correspondiente. El pendiente ideal supone que cada Sprint entrega exactamente lo que comprometió; la diferencia con el pendiente real es la deuda que se arrastra al Sprint siguiente.
